DOCULECT;CONCEPT;IPA;VARIANTS
Bakhtiyari;1SG;mo;
Balochi;1SG;man;
Gilaki;1SG;mʔn;
Judeo-Tati;1SG;me;
Kumzari;1SG;meh;
Luri;1SG;ma;
Modern_Persian;1SG;man;
Ormuri;1SG;az;
Ossetic_Iron;1SG;æz;
Parachi;1SG;mon;mer
Shughni;1SG;wuz;
Taleshi;1SG;az;
Wakhi;1SG;wuz;
Waziri;1SG;ze;
Yaghnobi;1SG;man;
Zazaki;1SG;ez;min
SEK ;1SG;ɛz;mɨn
SK;1SG;ɛz;mɨn
NK;1SG;ɛz;mɨ(n)
SWK;1SG;ɛz;mɨ(n)
NWK;1SG;æz;mɨ(n)
Bakhtiyari;2SG;to;
Balochi;2SG;taw;
Gilaki;2SG;tu;
Judeo-Tati;2SG;tu;
Kumzari;2SG;to;
Luri;2SG;ty;
Modern_Persian;2SG;to;
Ormuri;2SG;tu;tos
Ossetic_Iron;2SG;dɨ;sɨmax
Parachi;2SG;to;
Shughni;2SG;tu;
Taleshi;2SG;tɨ;ʃɨmə
Wakhi;2SG;tu;
Waziri;2SG;tus;tose
Yaghnobi;2SG;tu;
Zazaki;2SG;to;
SEK ;2SG;tu;
SK;2SG;tɨ;tæ
NK;2SG;tu;tɛ
SWK;2SG;tu;tɛ
NWK;2SG;tu;tæ
Bakhtiyari;3SG;ho;
Balochi;3SG;ʔa;
Gilaki;3SG;un;an
Judeo-Tati;3SG;u;
Kumzari;3SG;je;
Luri;3SG;tu;
Modern_Persian;3SG;u;
Ormuri;3SG;ʔa;a
Ossetic_Iron;3SG;uɨj;uyʔ
Parachi;3SG;o;
Shughni;3SG;ju;
Taleshi;3SG;əv;
Wakhi;3SG;jaw;
Waziri;3SG;agʔa;
Yaghnobi;3SG;ax;
Zazaki;3SG;o;
SEK ;3SG;ɛw;
SK;3SG;ɛw;wi-we
NK;3SG;ɛw;wi-we
SWK;3SG;hɛw;wi - we
NWK;3SG;æw;(æ)wi - (æ)we
Bakhtiyari;ant;mur;
Balochi;ant;mor;
Gilaki;ant;mur;
Judeo-Tati;ant;muʒine;
Kumzari;ant;giraʁ;
Modern_Persian;ant;murʧa;
Ormuri;ant;murcʧa;
Ossetic_Iron;ant;mældzɨg;
Parachi;ant;murʧ;
Shughni;ant;murʒak;
Taleshi;ant;muʒ;
Wakhi;ant;mirpriʧ;
Yaghnobi;ant;murʧak;
Zazaki;ant;montsle;
SEK ;ant;mery;
SK;ant;miro;
NK;ant;mɨrʤolɛk;
SWK;ant;morɨ;
NWK;ant;gera;
Bakhtiyari;ash;hol;hakeʔtar
Balochi;ash;pʔur;
Gilaki;ash;xak;
Judeo-Tati;ash;xokister;
Kumzari;ash;xariʃtin;
Modern_Persian;ash;xakestar;
Ormuri;ash;xokistar;yanak
Ossetic_Iron;ash;ærtxutæg;
Parachi;ash;bhoʔ;
Shughni;ash;ʔir;
Taleshi;ash;xok;
Wakhi;ash;perg;
Waziri;ash;tra;
Yaghnobi;ash;xoxistar;
Zazaki;ash;wel;
SEK ;ash;xuli;
SK;ash;xwɛli;
NK;ash;xwɛli;
SWK;ash;arɨ;
NWK;ash;xæli;
Bakhtiyari;back;gorde;
Balochi;back;pʔuʔt;
Gilaki;back;pʔs;
Judeo-Tati;back;pesovo;
Kumzari;back;kamar;
Luri;back;kamar;gorda
Modern_Persian;back;poʔt;
Ormuri;back;pets;puʃt
Ossetic_Iron;back;fæsontæ; cʔyldym
Parachi;back;peʃput;
Shughni;back;dam;
Taleshi;back;pas;
Wakhi;back;dam;urqa
Waziri;back;ʔamzai;
Yaghnobi;back;arka;puʔt
Zazaki;back;paʔti;
SEK ;back;pɨʃt;
SK;back;pɨʃt;
NK;back;pɨʃt;
SWK;back;pɨʃt;
NWK;back;pɔʃ;
Bakhtiyari;big;gap;
Balochi;big;mazaan;maz en
Gilaki;big;əzim;buzurg
Judeo-Tati;big;dyryjd;
Kumzari;big;gap;
Luri;big;gap;
Modern_Persian;big;bozorg;
Ormuri;big;stur;ustur
Ossetic_Iron;big;stɨr;
Parachi;big;gand;ferimɨn
Shughni;big;ʔulla;xədir
Taleshi;big;ʒol;nəhəng
Wakhi;big;lup;
Waziri;big;ster;
Yaghnobi;big;katta;
Zazaki;big;gird;xiʔn
SEK ;big;mɛzɨn;
SK;big;mɛzɨn;
NK;big;mɛzɨn;
SWK;big;mɛzɨn;
NWK;big;gɨr;
Bakhtiyari;bird;balende;
Balochi;bird;murgʔ;
Gilaki;bird;murʔ;
Judeo-Tati;bird;parande;
Kumzari;bird;ter;
Luri;bird;paranda;
Modern_Persian;bird;morgʔ;parande
Ormuri;bird;bubititi;
Ossetic_Iron;bird;margʔ;
Parachi;bird;bɨdɨr;
Shughni;bird;paranda;
Taleshi;bird;kiʔa;
Wakhi;bird;parinda;bakar
Waziri;bird;margʔai;
Yaghnobi;bird;paranda;ʔondor
Zazaki;bird;miriʔik;teyr
SEK ;bird;cycɨk;
SK;bird;ʧuk;
NK;bird;ʧuʧɨk;
SWK;bird;ʧuk;
NWK;bird;ʧɨʧuk;
Bakhtiyari;bite;gam;
Balochi;bite;waragʔ;wartʔa
Gilaki;bite;gaz;gaz zeen
Judeo-Tati;bite;gezire;
Kumzari;bite;xaʔadiʔ;
Luri;bite;kap;gereta
Modern_Persian;bite;dandan;
Ossetic_Iron;bite;xætsɨn;
Parachi;bite;gas;
Shughni;bite;pirend;
Taleshi;bite;vijarde;
Wakhi;bite;denduk;gup di
Waziri;bite;ʔiʔel;
Yaghnobi;bite;kan;xiʔoy
Zazaki;bite;perajiʃ;
SEK ;bite;lɛq;
SK;bite;gɛz;
NK;bite;kɨt;gɛz kɨrɨn
SWK;bite;gæz;
NWK;bite;gæz;
Bakhtiyari;bitter;tahl;
Balochi;bitter;taxl;
Gilaki;bitter;təlx;
Judeo-Tati;bitter;texl;
Kumzari;bitter;tahl;
Modern_Persian;bitter;talɣ;
Ormuri;bitter;teʃ;
Ossetic_Iron;bitter;mast;karz
Parachi;bitter;tɨzi;
Shughni;bitter;tsax;tsix
Taleshi;bitter;təlx;tel 
Wakhi;bitter;talx;
Yaghnobi;bitter;talx;
Zazaki;bitter;taʕl;
SEK ;bitter;tiʒ;
SK;bitter;tuʒ;
NK;bitter;tuʒ;
SWK;bitter;tuʒ;
NWK;bitter;tuʒ;
Bakhtiyari;black;ʔah;
Balochi;black;sijah;
Gilaki;black;sija;
Judeo-Tati;black;sijeh;
Kumzari;black;sijeh;
Luri;black;meʔki;
Modern_Persian;black;siah;
Ormuri;black;ɣras;
Ossetic_Iron;black;saw;
Parachi;black;paddo;
Shughni;black;tor;siyo
Taleshi;black;sio;
Wakhi;black;su;sio
Waziri;black;tor;
Yaghnobi;black;ʔow;sijoh
Zazaki;black;sij;sya
SEK ;black;ɹɛʃ;
SK;black;ɹɛʃ;
NK;black;ɹɛʃ;
SWK;black;ɹɛʃ;
NWK;black;ɹæʃ;
Bakhtiyari;blood;hin;
Balochi;blood;hon;
Gilaki;blood;xun;
Judeo-Tati;blood;xuni;
Kumzari;blood;xuwaʔm;
Luri;blood;xyn;
Modern_Persian;blood;xun;
Ormuri;blood;in;ʔun
Ossetic_Iron;blood;tug;
Parachi;blood;hin;
Shughni;blood;wixin;xun
Taleshi;blood;xun;
Wakhi;blood;xun;wusen
Waziri;blood;wina;
Yaghnobi;blood;waxin;xun
Zazaki;blood;guni;
SEK ;blood;xin;
SK;blood;xwin;
NK;blood;xun;
SWK;blood;xun;
NWK;blood;xyn;
Bakhtiyari;blow;bad;
Balochi;blow;kaʔagʔ;xaʔta
Gilaki;blow;dəməstən;vəsen
Judeo-Tati;blow;nefes;
Kumzari;blow;uff;
Luri;blow;bad;
Modern_Persian;blow;vazidan;
Ossetic_Iron;blow;dɨmɨn;
Parachi;blow;pxi;
Shughni;blow;puf;
Taleshi;blow;vaʃte;pu 
Wakhi;blow;kulumut;mest
Waziri;blow;ʔaledel;
Yaghnobi;blow;puf;
SEK ;blow;pɨf;
SK;blow;pɛqandɨn;
NK;blow;pɨf;
SWK;blow;pɨfe;
NWK;blow;puf;
Bakhtiyari;bone;hast;ostoxoʔn
Balochi;bone;had;
Gilaki;bone;xaʔ;
Judeo-Tati;bone;osdqu;
Kumzari;bone;xar;
Luri;bone;ʔossoxun;
Modern_Persian;bone;ostoxan;
Ormuri;bone;stoʔan;
Ossetic_Iron;bone;stæg;
Parachi;bone;hadd;
Shughni;bone;sitxun;
Taleshi;bone;asə;
Wakhi;bone;jusc;ustuxon
Waziri;bone;hadikai;
Yaghnobi;bone;sitak;
Zazaki;bone;este;
SEK ;bone;hestɨk;
SK;bone;hæstu;
NK;bone;hɛsti;
SWK;bone;hɛstɨ;
NWK;bone;hasti;
Bakhtiyari;breast;pestoʔn;
Balochi;breast;delband;gwar
Gilaki;breast;sinʔ;
Judeo-Tati;breast;sine;
Kumzari;breast;sino;
Luri;breast;ʔir;
Modern_Persian;breast;pistan;
Ormuri;breast;tsik;
Ossetic_Iron;breast;dzidzi;
Parachi;breast;sina;
Shughni;breast;sina;biʃ
Taleshi;breast;pɨʃton;sinə
Wakhi;breast;sina;bap
Yaghnobi;breast;vuna;cic
Zazaki;breast;sene;virar
SEK ;breast;sing;
SK;breast;sɨng;
NK;breast;sɨng;
SWK;breast;sing;
NWK;breast;sɨng;
Bakhtiyari;burn;sohden;
Balochi;burn;balagʔ;
Gilaki;burn;soxt;
Judeo-Tati;burn;suxde;
Kumzari;burn;haraqa;
Luri;burn;sota;
Modern_Persian;burn;suxtan;
Ormuri;burn;bras;
Ossetic_Iron;burn;sudzɨn;
Parachi;burn;tʔew;
Shughni;burn;suzax;
Taleshi;burn;syte;
Wakhi;burn;tʔau;
Waziri;burn;baledel;swel
Yaghnobi;burn;suʔ;
Zazaki;burn;veʔajiʔ;
SEK ;burn;sotɨn;
SK;burn;ʃɛwɨtandɨn;
NK;burn;ʃɛwɨtandɨn;
SWK;burn;ʃɛwɨtandɨn;
NWK;burn;ʃɛwɨtɔndɨn;
Bakhtiyari;carry;kerden;menʕe beɢal borden
Balochi;carry;bar;barag
Gilaki;carry;bərdən;rənʒ
Judeo-Tati;carry;berde;owurde
Kumzari;carry;ber;
Modern_Persian;carry;haml;
Ossetic_Iron;carry;xæsɨn;
Parachi;carry;bar;
Shughni;carry;jos;jod
Taleshi;carry;bardə;
Yaghnobi;carry;var;xaʃ
Zazaki;carry;bəno;berdiʃ
SEK ;carry;keʃan;
SK;carry;kɨʃandɨn;hɨlgɨrtɨn
NK;carry;kɨʃandɨn;
SWK;carry;kɨʃandɨn;
NWK;carry;kɨʃandɨn;
Bakhtiyari;child;bacʔe;
Balochi;child;ʔux;
Gilaki;child;zahak;
Judeo-Tati;child;ʔail;
Kumzari;child;rok;ditk
Luri;child;bec;
Modern_Persian;child;baʔe;
Ormuri;child;woɣkaj;guru
Ossetic_Iron;child;sɨvælon;sabi
Parachi;child;baʔi;ɣurok
Shughni;child;baʔa;kudak
Taleshi;child;xʔrdan;
Wakhi;child;za;zeman
Waziri;child;workai;
Yaghnobi;child;pulla;baʔa
Zazaki;child;qeʔek;gede
SEK ;child;bɨʧyk;
SK;child;zaɹok;
NK;child;zaru;zar
SWK;child;zar;zark
NWK;child;del;
Bakhtiyari;come;oʔaʔden;ʔaʔden
Balochi;come;agʔ;axta
Gilaki;come;amon;
Judeo-Tati;come;veromore;
Kumzari;come;hamed;
Modern_Persian;come;amadan;
Ormuri;come;dzok;gidi
Ossetic_Iron;come;tsæuɨn;
Parachi;come;ʒe;
Shughni;come;jad;
Taleshi;come;ma;
Wakhi;come;wezi;
Waziri;come;rotlel;
Yaghnobi;come;vow;
Zazaki;come;aməj;
SEK ;come;hatɨn;
SK;come;hatɨn;
NK;come;hatɨn;
SWK;come;hatɨn;
NWK;come;hɔtɨn;
Bakhtiyari;crush/grind;telniden;
Balochi;crush/grind;droʃag;ɖalag
Gilaki;crush/grind;zir;dəkəlanen
Judeo-Tati;crush/grind;xjel;ʃiʃire
Kumzari;crush/grind;bumir;
Modern_Persian;crush/grind;ɣwurd;saʕidan
Ormuri;crush/grind;nɔʃra;
Ossetic_Iron;crush/grind;læmarɨn;sændɨn
Parachi;crush/grind;kut;
Shughni;crush/grind;jan;sew
Taleshi;crush/grind;hope;bərbod
Wakhi;crush/grind;ʂiɣ;
Yaghnobi;crush/grind;ʧuk;reza kyn
Zazaki;crush/grind;kwatiʃ;ploxnajiʃ
SEK ;crush/grind;pɛlʧɨqandɨn;
SK;crush/grind;pɨrʧɨqandɨn;
NK;crush/grind;pɛlʧɨqandɨn;
SWK;crush/grind;pɛlʧɨqandɨn;
NWK;crush/grind;penandɨn;
Bakhtiyari;cry/weep;gerejʋesten;
Balochi;cry/weep;grewag;anzar
Gilaki;cry/weep;gərjə;zar kudən
Judeo-Tati;cry/weep;girisde;hirke soxde
Kumzari;cry/weep;girja;
Modern_Persian;cry/weep;giristan;gerje kardan
Ormuri;cry/weep;ʃu;
Ossetic_Iron;cry/weep;kæwɨn;tjizɨn
Parachi;cry/weep;nara;ʃur
Shughni;cry/weep;naw;rinewd
Taleshi;cry/weep;bəme;
Yaghnobi;cry/weep;roj;wak
Zazaki;cry/weep;beɾmajiʃ;həɾsi kəɾdɨʃ
SEK ;cry/weep;gɨrɨjan;
SK;cry/weep;gɨri;
NK;cry/weep;gɨrin;
SWK;cry/weep;gɨri;
NWK;cry/weep;gɨrin;
Bakhtiyari;do;kerden;
Balochi;do;kanag;sazag
Gilaki;do;kudən;
Judeo-Tati;do;soxde;
Kumzari;do;kin;gis
Modern_Persian;do;kard;
Ormuri;do;kajek;
Ossetic_Iron;do;kænɨn;arazɨn
Parachi;do;kan;
Shughni;do;ʧidow;kin
Taleshi;do;karde;kə
Wakhi;do;car;goɣ
Yaghnobi;do;kun;
Zazaki;do;kəɾdɨʃ;
SEK ;do;kɨrɨn;ʧekɨrɨn
SK;do;kɨrɨn;çekɨrɨn
NK;do;kɨrɨn;ʧekɨrɨn
SWK;do;kɨrɨn;çekɨrɨn
NWK;do;kɨrɨn;çekɨrɨn
Bakhtiyari;dog;saʔ;
Balochi;dog;sag;
Gilaki;dog;seg;
Judeo-Tati;dog;seg;
Kumzari;dog;sogʔ;
Luri;dog;sag;
Modern_Persian;dog;sag;
Ormuri;dog;kuʔuk;spuk
Ossetic_Iron;dog;kuɨdz;
Parachi;dog;espo;kuʔuk
Shughni;dog;kud;
Taleshi;dog;ʔspa;
Wakhi;dog;suc;
Waziri;dog;spai;
Yaghnobi;dog;kut;
Zazaki;dog;kutik;
SEK ;dog;sɛ;
SK;dog;ṣɛ;
NK;dog;kuʧɨk;sɛ
SWK;dog;kuʧɨk;
NWK;dog;sɔ;kudɨk
Bakhtiyari;drink;xarden;
Balochi;drink;waragʔ;wartʔa
Gilaki;drink;xur;
Judeo-Tati;drink;xurde;
Kumzari;drink;xordiʔ;
Luri;drink;xarda;
Modern_Persian;drink;nuʔidan;
Ormuri;drink;xraxuluk;
Ossetic_Iron;drink;nuazun;
Parachi;drink;ʃup;
Shughni;drink;berez;qil ʔidow
Taleshi;drink;ʔum;
Wakhi;drink;pev;puw
Waziri;drink;tʔel;
Yaghnobi;drink;ʔav;
Zazaki;drink;ʔimitiʔ;
SEK ;drink;xarɨnɛwɛ;
SK;drink;vɛxwarɨn;
NK;drink;vɛxwarɨn;
SWK;drink;vɛxwarɨn;
NWK;drink;vɛxɔrɨn;
Bakhtiyari;ear;guʔ;
Balochi;ear;goʔ;
Gilaki;ear;guʃ;
Judeo-Tati;ear;quloq;
Kumzari;ear;goʔ;
Luri;ear;goʔ;
Modern_Persian;ear;guʔ;
Ormuri;ear;goi;
Ossetic_Iron;ear;xʔus;
Parachi;ear;gu;
Shughni;ear;ʔug;
Taleshi;ear;guʃ;
Wakhi;ear;jis;
Waziri;ear;gʔoʑ;
Yaghnobi;ear;guʔ;
Zazaki;ear;goʔ;
SEK ;ear;guh;
SK;ear;guh;
NK;ear;go;
SWK;ear;guh;
NWK;ear;guʧ;guʧɨk
Bakhtiyari;eat;xarden;
Balochi;eat;waragʔ;wartʔa
Gilaki;eat;xurdʔn;
Judeo-Tati;eat;xurde;
Kumzari;eat;xor;
Luri;eat;xarda;
Modern_Persian;eat;xordan;
Ormuri;eat;xraxuluk;
Ossetic_Iron;eat;xærɨn;
Parachi;eat;xar;xur
Shughni;eat;xar;
Taleshi;eat;xor;
Wakhi;eat;jau;
Waziri;eat;xwarel;
Yaghnobi;eat;xwar;
Zazaki;eat;werdiʔ;
SEK ;eat;xarɨn;
SK;eat;xwarɨn;
NK;eat;xwarɨn;
SWK;eat;xarɨn;
NWK;eat;xɔrɨn;
Bakhtiyari;egg;haje;
Balochi;egg;haix;anu
Gilaki;egg;morʔanʔ;
Judeo-Tati;egg;xoje;
Kumzari;egg;xaig;
Luri;egg;toxm;tox
Modern_Persian;egg;toxm;
Ormuri;egg;supal;
Ossetic_Iron;egg;aʔk;
Parachi;egg;ex;
Shughni;egg;tarmurx;
Taleshi;egg;moɣnə;
Wakhi;egg;tɨxmɨrg;
Waziri;egg;jowja;jija
Yaghnobi;egg;taxm;tuxm
Zazaki;egg;hak;
SEK ;egg;helɨk;hek
SK;egg;hek;
NK;egg;hek;
SWK;egg;hek;
NWK;egg;hek;
Bakhtiyari;eye;tej;
Balochi;eye;ʔham;
Gilaki;eye;cʔm;
Judeo-Tati;eye;ʔum;
Kumzari;eye;ʔom;
Luri;eye;caʔ;
Modern_Persian;eye;ʔasm;
Ormuri;eye;ʔimi;
Ossetic_Iron;eye;kaest;
Parachi;eye;dida;
Shughni;eye;ʔaxm;cem
Taleshi;eye;caʔm;
Wakhi;eye;cezm;
Waziri;eye;sterga;
Yaghnobi;eye;gurda;wenna
Zazaki;eye;ʔim;
SEK ;eye;ʧaw;
SK;eye;ʧaʕv;
NK;eye;ʧɛʕv;
SWK;eye;ʧav;
NWK;eye;ʧɔv;
Bakhtiyari;fall;ʔasten;
Balochi;fall;xafagʔ;xapta
Gilaki;fall;kʔft;
Judeo-Tati;fall;ofdore;
Kumzari;fall;keft;
Luri;fall;kata;
Modern_Persian;fall;oftadan;
Ormuri;fall;ʔuz;ʔwaz
Ossetic_Iron;fall;xauɨn;
Parachi;fall;ʧhar;
Shughni;fall;raz;waʃ
Taleshi;fall;laka;
Wakhi;fall;wez;pulun
Waziri;fall;prewatel;walwedel
Yaghnobi;fall;dewi;tiraʔ
Zazaki;fall;kewtiʔ;gunajiʔ
SEK ;fall;kɛtɨn;
SK;fall;kɛtɨn;
NK;fall;kɛtɨn;
SWK;fall;kɛtɨn;
NWK;fall;kɛtɨn;
Bakhtiyari;far;dir;
Balochi;far;dir;
Gilaki;far;dur;
Judeo-Tati;far;dur;
Kumzari;far;dur;
Luri;far;dyr;
Modern_Persian;far;dur;
Ormuri;far;pets;
Ossetic_Iron;far;dard;
Parachi;far;durin;
Shughni;far;dar;dur
Taleshi;far;diəro;
Wakhi;far;dir;
Waziri;far;lire;wurija
Yaghnobi;far;dur;olam
Zazaki;far;duri;
SEK ;far;dyr;
SK;far;dur;
NK;far;dur;
SWK;far;dur;
NWK;far;dur;
Bakhtiyari;fire;taʔ;
Balochi;fire;as;
Gilaki;fire;atʔ;
Judeo-Tati;fire;ʔatoʔ;
Kumzari;fire;hatiʔ;
Luri;fire;taʔ;
Modern_Persian;fire;ataʔ;
Ormuri;fire;run;
Ossetic_Iron;fire;art;caexaer
Parachi;fire;oʔ;
Shughni;fire;alow;yoc
Taleshi;fire;otaʔ;
Wakhi;fire;ruxunigʔ;
Waziri;fire;jor;
Yaghnobi;fire;olow;
Zazaki;fire;adir;
SEK ;fire;agɨr;
SK;fire;agɨr;
NK;fire;agɨr;
SWK;fire;ar;
NWK;fire;ɔr;
Bakhtiyari;fish;mai;
Balochi;fish;mahi;
Gilaki;fish;mahi;
Judeo-Tati;fish;ʔaʔ;
Kumzari;fish;mi;
Luri;fish;maʔi;
Modern_Persian;fish;mahi;
Ormuri;fish;maʔi;
Ossetic_Iron;fish;kaesag;
Parachi;fish;maso;
Shughni;fish;moji;
Taleshi;fish;mohi;
Wakhi;fish;moj;məst
Yaghnobi;fish;mahi;
Zazaki;fish;mase;
SEK ;fish;masi;
SK;fish;masi;
NK;fish;mɛʕsi;
SWK;fish;masɨ;
NWK;fish;mɔsi;
Bakhtiyari;fly;paʃxe;
Balochi;fly;masesk;
Gilaki;fly;məgəs;
Judeo-Tati;fly;megez;
Kumzari;fly;mes;
Luri;fly;pareda;fal kerda
Modern_Persian;fly;mags;
Ormuri;fly;maʃɨ;
Ossetic_Iron;fly;tæxɨn;
Parachi;fly;rhoz;
Shughni;fly;riwaz;
Taleshi;fly;parʔst;
Wakhi;fly;maks;
Waziri;fly;wratel;
Yaghnobi;fly;par;fur
Zazaki;fly;perʔajiʔ;firʔdajiʔ
SEK ;fly;meʃ;
SK;fly;meʃ;
NK;fly;meʃ;
SWK;fly;meɹ;
NWK;fly;mɛʃ;
Bakhtiyari;give;daden;
Balochi;give;deagʔ;datʔa
Gilaki;give;daan;fadan
Judeo-Tati;give;dore;
Kumzari;give;do;dar
Modern_Persian;give;dadan;
Ormuri;give;baʃ;ʃɨr
Ossetic_Iron;give;daettɨn;
Shughni;give;dedow;
Taleshi;give;da;
Wakhi;give;rand;
Waziri;give;derkrel;
Yaghnobi;give;tifar;
Zazaki;give;dajiʔ;
SEK ;give;dan;
SK;give;dan;
NK;give;dayin;
SWK;give;dan;
NWK;give;dɔyin;dɔn
Bakhtiyari;go;rahden;raften
Balochi;go;rawag;
Gilaki;go;ʃon;gərdəstən
Judeo-Tati;go;rafde;geʃde
Kumzari;go;raft;
Modern_Persian;go;raftan;
Ormuri;go;tsaw;
Ossetic_Iron;go;tsæwɨn;wajɨn
Parachi;go;ʧim;
Shughni;go;saw;tiz
Taleshi;go;ʃe;poje
Wakhi;go;ʧaw;tuk
Yaghnobi;go;tir;ʃau
Zazaki;go;ʃɨjajiʃ;ʃɨne
SEK ;go;ʧun;
SK;go;ʧun;
NK;go;ʧuyin;
SWK;go;ʧun;
NWK;go;ʧuyin;
Bakhtiyari;good;xoʔ;
Balochi;good;ʔar;
Gilaki;good;xob;xuʃ
Judeo-Tati;good;xub;
Kumzari;good;xair;
Luri;good;xuʔ;
Modern_Persian;good;xub;
Ormuri;good;ʔir;
Ossetic_Iron;good;xorz;dzaebaex
Parachi;good;kori;nek
Shughni;good;baʔand;
Taleshi;good;xuʔ;
Wakhi;good;xub;buf
Waziri;good;ʔe;
Yaghnobi;good;obadon;
Zazaki;good;weʔ;hol
SEK ;good;baʃ;
SK;good;baʃ;
NK;good;ɹɨnd;baʃ
SWK;good;rɨnd;
NWK;good;ɹɨnd;
Bakhtiyari;hair;mi;
Balochi;hair;pʔut;
Gilaki;hair;mu;
Judeo-Tati;hair;muj;
Kumzari;hair;mu;
Luri;hair;my;
Modern_Persian;hair;mu;
Ormuri;hair;dri;dəro
Ossetic_Iron;hair;særɨxʔuɨn;xʔuyn
Parachi;hair;doʃ;ʔol
Shughni;hair;muj;tor
Taleshi;hair;my;
Wakhi;hair;ʃafʃ;ɣani
Waziri;hair;weʔte;
Yaghnobi;hair;diraw;paʔm
Zazaki;hair;mu;por
SEK ;hair;pɨrʧ;
SK;hair;pov;por 
NK;hair;por;
SWK;hair;por;
NWK;hair;por;
Bakhtiyari;hand;dast;
Balochi;hand;dast;
Gilaki;hand;dʔs;
Judeo-Tati;hand;des;
Kumzari;hand;dist;
Luri;hand;dass;
Modern_Persian;hand;dast;
Ormuri;hand;dest;
Ossetic_Iron;hand;kʔux;
Parachi;hand;dɜst;
Shughni;hand;dast;xikufta
Taleshi;hand;dast;
Wakhi;hand;dast;
Waziri;hand;los;
Yaghnobi;hand;dast;
Zazaki;hand;dest;
SEK ;hand;mɨl;dɛst 
SK;hand;mɨl;dɛst 
NK;hand;phi;dɛst
SWK;hand;phi;dɛst
NWK;hand;phi;dæst
Bakhtiyari;hard;seft;
Balochi;hard;trond;
Gilaki;hard;kar;
Judeo-Tati;hard;texdeteher;
Kumzari;hard;iʃk;samn
Modern_Persian;hard;saɣt;
Ormuri;hard;tiŋ;
Ossetic_Iron;hard;xwæbær;xus
Parachi;hard;ʁaweri;
Shughni;hard;xaʃ;qin
Taleshi;hard;ʧətin;səxt
Wakhi;hard;ʃux;tuŋ
Yaghnobi;hard;wazmin;ʃax
Zazaki;hard;sert;wiʃk
SEK ;hard;rɛq;
SK;hard;hɨʃk;
NK;hard;ʕɛʃk;
SWK;hard;sɛrt;
NWK;hard;sɛɹt;
Bakhtiyari;hear;aʔniden;
Balochi;hear;asxanagʔ;asxutʔa
Gilaki;hear;iʔnav;
Judeo-Tati;hear;ʔinire;
Kumzari;hear;ʃnaft;ʃnaw
Luri;hear;ʔonofta;goʔ kerda
Modern_Persian;hear;ʔenidan;
Ormuri;hear;amar;
Ossetic_Iron;hear;xʔusɨn;
Parachi;hear;harw;
Shughni;hear;xin;
Taleshi;hear;mas;
Wakhi;hear;ksɨj;
Waziri;hear;arwedel;worwedel
Yaghnobi;hear;duguʔ;
Zazaki;hear;aʔnawitiʔ;
SEK ;hear;bɨhistɨn;hay ʤe bun
SK;hear;ħɨs;ħɨsandɨn
NK;hear;bɨhistɨn;
SWK;hear;bɨhistɨn;
NWK;hear;bistɨn;
Bakhtiyari;heavy;saʔin;
Balochi;heavy;giran;
Gilaki;heavy;səngin;səxt
Judeo-Tati;heavy;gurund;
Kumzari;heavy;sanʔgi;
Luri;heavy;saʔi;
Modern_Persian;heavy;saʔin;
Ormuri;heavy;wazmʔnd;gran
Ossetic_Iron;heavy;wæzau;
Parachi;heavy;giran;
Shughni;heavy;wazmin;zur
Taleshi;heavy;səxt;ʧətin
Wakhi;heavy;gʔuruʔ;ɣərung
Waziri;heavy;drind;saxt
Yaghnobi;heavy;wazmin;
Zazaki;heavy;ʃenik;giran
SEK ;heavy;gɨran;
SK;heavy;gɨran;
NK;heavy;gɨran;
SWK;heavy;gɨran;
NWK;heavy;gɨran;
Bakhtiyari;hide;xef;bejdar kerden
Balochi;hide;per;poʃenag
Gilaki;hide;ʒuxusanen;ʒa daan
Judeo-Tati;hide;pexni;dorun doʃde
Kumzari;hide;enar;
Modern_Persian;hide;panhan;pinhan
Ormuri;hide;ɣəle;
Ossetic_Iron;hide;æmbæxsɨn;nɨmæxsɨn
Parachi;hide;xaz;
Shughni;hide;pano;
Taleshi;hide;noho;
Yaghnobi;hide;baʤo;ryst
SEK ;hide;ʃartɨnɛwɛ;
SK;hide;vɛʃartɨn;
NK;hide;vɛʃartɨn;
SWK;hide;vɛʃartɨn;
NWK;hide;vɛʃartɨn;
Bakhtiyari;hit/beat;koften;xarden
Balochi;hit/beat;ʔanagʔ;
Gilaki;hit/beat;kʔf;
Judeo-Tati;hit/beat;kuf;
Kumzari;hit/beat;okt;
Luri;hit/beat;zata;
Modern_Persian;hit/beat;zadan;
Ormuri;hit/beat;zan;
Ossetic_Iron;hit/beat;tsævɨn;naemyn
Parachi;hit/beat;ʔan;zarb
Shughni;hit/beat;di;
Taleshi;hit/beat;zan;
Wakhi;hit/beat;di;
Waziri;hit/beat;wahel;takawel
Zazaki;hit/beat;dajiʔ;piro dajiʔ
SEK ;hit/beat;ledan;
SK;hit/beat;lexɨstɨn;
NK;hit/beat;lexɨstɨn;
SWK;hit/beat;lexɨstɨn;
NWK;hit/beat;lexɨstɨn;
Bakhtiyari;horn;ʔax;
Balochi;horn;kanʈ;
Gilaki;horn;ʃax;
Judeo-Tati;horn;ʃox;
Kumzari;horn;qarn;
Luri;horn;ʔax;
Modern_Persian;horn;ʔax;
Ormuri;horn;ʃax;
Ossetic_Iron;horn;sɨ;ʃǝkʔa
Parachi;horn;ʃi;
Shughni;horn;xaʃ;
Taleshi;horn;ʔux;
Wakhi;horn;ʃəu;
Yaghnobi;horn;ʔox;
Zazaki;horn;qoʔ;
SEK ;horn;ʃax;
SK;horn;stɨrɨh;
NK;horn;qoʧ;
SWK;horn;qoʧ;
NWK;horn;ustru;
Bakhtiyari;house;hoʋne;
Balochi;house;ʧarkol;
Gilaki;house;xanə;
Judeo-Tati;house;xune;
Kumzari;house;xanaʁ;
Modern_Persian;house;ɣana;
Ormuri;house;nar;ner
Ossetic_Iron;house;xædzar;
Parachi;house;ʁus;xana
Shughni;house;ʧid;buna
Taleshi;house;kə;
Wakhi;house;ɣun;
Yaghnobi;house;kat;xona
Zazaki;house;ban;
SEK ;house;mal;xani 
SK;house;mal;xani
NK;house;mal;xani
SWK;house;mal;xani
NWK;house;mɔl;xɔni
Bakhtiyari;in;men;
Balochi;in;nianwan;lafa
Gilaki;in;dər;andərun
Judeo-Tati;in;der;
Kumzari;in;indi;
Modern_Persian;in;dar;
Ormuri;in;nɛ;
Ossetic_Iron;in;mae;aeʔ
Parachi;in;tar;
Shughni;in;pi;tar
Taleshi;in;bə;
Wakhi;in;ne;
Waziri;in;kʔe;pa kʔe
Zazaki;in;di;
SEK ;in;dɨ;(dɨ) naw .. da
SK;in;dɨ;lɨ hɨnduru
NK;in;dɨ; da
SWK;in;dɨ;hundɨr
NWK;in;dæ;hundɨri
Bakhtiyari;knee;zuni;
Balochi;knee;ʈong;
Gilaki;knee;zanu;
Judeo-Tati;knee;zani;
Kumzari;knee;rukbit;
Luri;knee;zuni;
Modern_Persian;knee;zanu;
Ormuri;knee;zanu;
Ossetic_Iron;knee;wɜrag ;
Parachi;knee;zonu;
Shughni;knee;zun;
Taleshi;knee;zʔʔ;
Yaghnobi;knee;zonk;zonu
Zazaki;knee;saqe;ʔok
SEK ;knee;ʧok;
SK;knee;kabok;
NK;knee;ʧok;
SWK;knee;ʧong;
NWK;knee;ʧok;
Bakhtiyari;know;doʔnesten;
Balochi;know;sahihbiagʔ;
Gilaki;know;dan;
Judeo-Tati;know;ʔinoxde;
Kumzari;know;dan;danid
Modern_Persian;know;danestan;
Ossetic_Iron;know;fæsmærun;zonyn
Parachi;know;xabʔar;
Shughni;know;fam;wizan
Taleshi;know;zun;
Wakhi;know;dis;
Waziri;know;xabar;molim
Yaghnobi;know;giriv;
Zazaki;know;zanajiʔ;
SEK ;know;zanin;
SK;know;zanin;
NK;know;zanin;
SWK;know;zanin;
NWK;know;zɔnin;
Bakhtiyari;laugh;handesten;
Balochi;laugh;xandagʔ;xanditʔa
Gilaki;laugh;xəndʔ;
Judeo-Tati;laugh;xendysde;
Kumzari;laugh;xanidiʔ;
Luri;laugh;xana;
Modern_Persian;laugh;xandidan;
Ormuri;laugh;xanak;
Ossetic_Iron;laugh;xudɨn;
Parachi;laugh;xan;
Shughni;laugh;ʔand;
Taleshi;laugh;xanda;
Wakhi;laugh;kund;
Waziri;laugh;xandel;
Yaghnobi;laugh;xant;
Zazaki;laugh;huwajiʃ;
SEK ;laugh;kɛnin;
SK;laugh;kɛn;
NK;laugh;kɛnin;
SWK;laugh;kɛnin;
NWK;laugh;kænin;
Bakhtiyari;leaf;par;
Balochi;leaf;tʔax;
Gilaki;leaf;bərg;
Judeo-Tati;leaf;velg;
Kumzari;leaf;warq;
Luri;leaf;barg;
Modern_Persian;leaf;barg;
Ormuri;leaf;barg;
Ossetic_Iron;leaf;sɨf;
Parachi;leaf;pon;
Shughni;leaf;barg;park
Taleshi;leaf;liv;
Wakhi;leaf;pulc;
Waziri;leaf;ponrje;
Yaghnobi;leaf;barg;
Zazaki;leaf;velg;
SEK ;leaf;pɛlɨk;bɛlg
SK;leaf;pɛl;
NK;leaf;pɛl;
SWK;leaf;pɛlʧ;
NWK;leaf;ʧɨlo;
Bakhtiyari;leg/foot;leʔ;
Balochi;leg/foot;pʔadh;
Gilaki;leg/foot;pa;
Judeo-Tati;leg/foot;poj;
Kumzari;leg/foot;pa;
Modern_Persian;leg/foot;pa;
Ossetic_Iron;leg/foot;kʔax;zaeʔ
Parachi;leg/foot;leʔ;
Shughni;leg/foot;po;
Taleshi;leg/foot;lʔʔ;
Wakhi;leg/foot;pued;leʔ
Waziri;leg/foot;pʔa;laʔra
Yaghnobi;leg/foot;poda;po
Zazaki;leg/foot;liʔ;
SEK ;leg/foot;lɨng;pe 
SK;leg/foot;lɨng;pi-lɨng 
NK;leg/foot;ʧip;lɨng
SWK;leg/foot;nɨg;
NWK;leg/foot;nɨg;
Bakhtiyari;liver;ʔijar;
Balochi;liver;ʔagʔar;
Gilaki;liver;ʔgʔr;
Judeo-Tati;liver;ʔiger;
Kumzari;liver;joʁur;
Luri;liver;ʔegar;
Modern_Persian;liver;ʔegar;
Ossetic_Iron;liver;igaer;
Parachi;liver;ʔigar;
Shughni;liver;ʔigar;ʔod
Taleshi;liver;ʤigə;
Wakhi;liver;ʔigar;
Waziri;liver;jenna;
Yaghnobi;liver;ʔupurda;ʔigar
Zazaki;liver;qesiba;
SEK ;liver;cɛrg;
SK;liver;kɛzɛb;
NK;liver;cigɛr;
SWK;liver;kɛzɛw;
NWK;liver;cigær;kɛzɛw
Bakhtiyari;long;deraz;
Balochi;long;draʒ;
Gilaki;long;dʔraz;
Judeo-Tati;long;duraz;
Kumzari;long;draz;
Modern_Persian;long;deraz;boland
Ormuri;long;droʔ;
Ossetic_Iron;long;dargʔ;
Parachi;long;biʃt;
Shughni;long;daroz;vogʔ
Taleshi;long;dɨroz;doroz
Wakhi;long;deroz;verz
Waziri;long;wiʒd;
Yaghnobi;long;van;
Zazaki;long;derg;
SEK ;long;dreʒ;
SK;long;dɨreʒ;
NK;long;dɨreʒ;
SWK;long;dɨreʒ;
NWK;long;dɨreʒ;
Bakhtiyari;louse;ʔeʔ;
Balochi;louse;bot;
Gilaki;louse;səbəʤ;
Judeo-Tati;louse;subuʤ;
Kumzari;louse;qarʔa;riʃk
Luri;louse;eʔ;
Modern_Persian;louse;ʔepeʔ;
Ormuri;louse;spoi;
Ossetic_Iron;louse;sɨst;
Parachi;louse;ispo;
Shughni;louse;sipag;murax
Taleshi;louse;ʔsbʔ;
Wakhi;louse;sis;
Waziri;louse;spaʒa;
Yaghnobi;louse;ʔipuʔ;
Zazaki;louse;eʔpiʔ;
SEK ;louse;hɨspi;
SK;louse;spɛh;
NK;louse;sɨpi;
SWK;louse;spɨʔ;
NWK;louse;ɨspi;
Bakhtiyari;meat;guʔt;
Balochi;meat;goʒd;
Gilaki;meat;guʔt;
Judeo-Tati;meat;guʔd;
Kumzari;meat;goʔt;
Luri;meat;gyʔt;
Modern_Persian;meat;guʔt;
Ormuri;meat;goka;
Ossetic_Iron;meat;fɨd;
Parachi;meat;ʔuʔ;
Shughni;meat;guxt;
Taleshi;meat;guzʔd;
Wakhi;meat;gost;
Waziri;meat;gʔoʔa;gʔeʔa
Yaghnobi;meat;jota;guʔt
Zazaki;meat;goʔt;
SEK ;meat;goʃt;
SK;meat;goʃt;
NK;meat;goʃt;
SWK;meat;goʃt;
NWK;meat;goʃt;
Bakhtiyari;mouth;dohoʔn;
Balochi;mouth;daf;
Gilaki;mouth;dʔhan;
Judeo-Tati;mouth;laʔa;
Kumzari;mouth;kar;
Luri;mouth;kap;daʔan
Modern_Persian;mouth;dahan;
Ormuri;mouth;don;pʔʔz
Ossetic_Iron;mouth;kom;dzyx
Parachi;mouth;ʃoɳɖ;
Shughni;mouth;ʔov;
Taleshi;mouth;gəv;
Wakhi;mouth;gʔus;
Waziri;mouth;xwula;
Yaghnobi;mouth;rax;
Zazaki;mouth;fek;
SEK ;mouth;dɛw;
SK;mouth;dɛv;
NK;mouth;dɛv;
SWK;mouth;dɛv;
NWK;mouth;dɔv;
Balochi;name;nam;
Gilaki;name;nam;ism
Judeo-Tati;name;num;
Kumzari;name;nam;
Ormuri;name;nom;pazak
Ossetic_Iron;name;nom;
Parachi;name;nɒm ;
Shughni;name;num;
Taleshi;name;nom;
Wakhi;name;nuŋ;
Waziri;name;num;
Yaghnobi;name;nom;
Zazaki;name;name;
SEK ;name;naw;
SK;name;nav;
NK;name;nav;
SWK;name;nav;
NWK;name;nɔv;
Bakhtiyari;navel;naf;
Balochi;navel;don;
Judeo-Tati;navel;nof;
Kumzari;navel;nawaʁ;
Modern_Persian;navel;naf;nabi
Ormuri;navel;nefak;
Ossetic_Iron;navel;bik;
Parachi;navel;nof;
Shughni;navel;nof;
Taleshi;navel;nofə;
Wakhi;navel;nof;
Yaghnobi;navel;nofa;
SEK ;navel;nawɨk;
SK;navel;navɨk;
NK;navel;navɨk;
SWK;navel;nevk;
NWK;navel;nɔvɨk;
Bakhtiyari;neck;garden;
Balochi;neck;gwar;
Gilaki;neck;guli;gʔrdʔn
Judeo-Tati;neck;gerden;
Kumzari;neck;gurdin;
Luri;neck;gardy;
Modern_Persian;neck;gardan;
Ormuri;neck;gardan;ɣara
Ossetic_Iron;neck;bɜrzɜj;
Parachi;neck;maɳɖʔa ;
Shughni;neck;gardan;mak
Taleshi;neck;gardan;
Wakhi;neck;gerdon;maejuk
Yaghnobi;neck;kʔama;
Zazaki;neck;mil;
SEK ;neck;sukur;
SK;neck;sukur;
NK;neck;hɨstu;
SWK;neck;hɨstɨ;
NWK;neck;ustɨ;
Bakhtiyari;new;nu;
Balochi;new;nox;
Gilaki;new;tazə;
Judeo-Tati;new;toze;
Kumzari;new;no;
Luri;new;now;taza
Modern_Persian;new;taze;
Ormuri;new;nuw;
Ossetic_Iron;new;næwæg;
Parachi;new;no;
Shughni;new;naw;tirak
Taleshi;new;toʒə;
Wakhi;new;toza;segʔd
Waziri;new;newai;
Yaghnobi;new;nava;
Zazaki;new;newe;
SEK ;new;ny;
SK;new;nu;
NK;new;tɛzɛ;
SWK;new;no;
NWK;new;no;
Bakhtiyari;night;ʔaʔ;
Balochi;night;ʔaf;
Gilaki;night;ʔb;
Judeo-Tati;night;ʔev;
Kumzari;night;ʔo;
Luri;night;ʔow;
Modern_Persian;night;ʔab;
Ormuri;night;ʃo;
Ossetic_Iron;night;æxtsæv;
Parachi;night;xawʔɒn;weʔɒr
Shughni;night;xab;
Taleshi;night;ʔav;
Wakhi;night;nugʔd;
Waziri;night;ʔpa;
Yaghnobi;night;xʔap;ʔab
Zazaki;night;ʔew;pesewe
SEK ;night;ʃɛw;
SK;night;ʃɛv;
NK;night;ʃɛv;
SWK;night;ɹæv;
NWK;night;ʃæv;
Bakhtiyari;nose;noft;
Balochi;nose;pʔonz;
Gilaki;nose;dəmaɣ;
Judeo-Tati;nose;vini;
Kumzari;nose;noxaret;
Luri;nose;domag;
Modern_Persian;nose;damagʔ;
Ormuri;nose;nini;
Ossetic_Iron;nose;fɨndz;
Parachi;nose;damoʔ;neʔt
Shughni;nose;neʔ;
Taleshi;nose;vɨni;
Wakhi;nose;mis;
Waziri;nose;peza;warbiz
Yaghnobi;nose;naʔs;dimog
Zazaki;nose;pirnike;
SEK ;nose;dɨfɨn;
SK;nose;behvɨl;
NK;nose;poz;
SWK;nose;poz;
NWK;nose;poz;
Bakhtiyari;not;na;
Balochi;not;na;
Gilaki;not;ne;
Judeo-Tati;not;neki;
Kumzari;not;na;
Modern_Persian;not;na;
Ormuri;not;nak;
Ossetic_Iron;not;næ;naetae
Parachi;not;na;
Shughni;not;na;
Taleshi;not;ni;ne
Wakhi;not;ne;
Waziri;not;na;
Yaghnobi;not;na;
Zazaki;not;ne;ʧɨʔni
SEK ;not;nɛ;
SK;not;na;
NK;not;na;
SWK;not;na;
NWK;not;nɔ;
Bakhtiyari;old;kohne;qadimi
Balochi;old;pʔir;
Gilaki;old;pir;
Judeo-Tati;old;pir;ovil
Kumzari;old;kaʔnaʁ;gap
Luri;old;pir;
Modern_Persian;old;pir;
Ormuri;old;zol;
Ossetic_Iron;old;zærond;
Parachi;old;kona;katʔto
Shughni;old;kina;pir
Taleshi;old;kanə;pi
Waziri;old;zor;
Yaghnobi;old;kuhna;qadim
Zazaki;old;pilʔixtijar;
SEK ;old;kɛwn;
SK;old;kɛvɨn;
NK;old;kɛm;
SWK;old;kævɨn;
NWK;old;kævɨn;
Bakhtiyari;one;jak;
Balochi;one;jak;ja
Gilaki;one;jək;
Judeo-Tati;one;jek;jeki
Kumzari;one;jek;
Luri;one;jak;
Modern_Persian;one;jek;hargiz
Ormuri;one;ʔe;
Ossetic_Iron;one;iu;
Parachi;one;ʔu;
Shughni;one;jak;jiw
Taleshi;one;gɨləʒ;
Wakhi;one;ji;jiu
Waziri;one;jo;
Yaghnobi;one;jak;
Zazaki;one;ʒew;
SEK ;one;jek;
SK;one;jɛk;
NK;one;jɛk;
SWK;one;jek;
NWK;one;ek;
Bakhtiyari;rain;baroʔn;
Balochi;rain;gwaragʔ;gwarta
Gilaki;rain;barʔ;
Judeo-Tati;rain;voruʔ;
Kumzari;rain;baram;
Luri;rain;baru;
Modern_Persian;rain;baridan;
Ormuri;rain;bɒrɨn;ɣor
Ossetic_Iron;rain;uarɨn;kʔaevda
Parachi;rain;auʔar;waʔ
Shughni;rain;borun;
Taleshi;rain;kuluk;
Waziri;rain;waredel;
Yaghnobi;rain;borʔn;
Zazaki;rain;varan;yaʔer
SEK ;rain;baran;
SK;rain;baran;
NK;rain;ʃɨli;
SWK;rain;baran;
NWK;rain;bɔrɔn;
Bakhtiyari;red;sohr;
Balochi;red;suhr;
Gilaki;red;sorx;
Judeo-Tati;red;qirmizni;
Kumzari;red;sirx;
Luri;red;germez;
Modern_Persian;red;sorx;
Ormuri;red;ʃuʃ;
Ossetic_Iron;red;sɨrx;
Parachi;red;surxo;surku
Shughni;red;lola;ruʔt
Taleshi;red;sʔ;
Wakhi;red;sekr;
Waziri;red;sir;
Yaghnobi;red;surx;kimir
Zazaki;red;sur;
SEK ;red;sor;
SK;red;sor;
NK;red;sor;
SWK;red;sɵr;
NWK;red;sur;
Bakhtiyari;root;riʔe;
Balochi;root;par;
Gilaki;root;bex;riʃə
Judeo-Tati;root;rag;
Kumzari;root;irq;
Luri;root;riʔa;
Modern_Persian;root;riʔe;
Ormuri;root;bex;
Ossetic_Iron;root;widag;
Parachi;root;bix;kordi
Shughni;root;bex;wex
Taleshi;root;riʔ;
Wakhi;root;wiux;
Waziri;root;bex;wex
Yaghnobi;root;riʔa;
Zazaki;root;riʔe;
SEK ;root;rɨh;
SK;root;ɹa;
NK;root;kok;
SWK;root;kok;
NWK;root;kok;
Bakhtiyari;rope;tanaf;ʔoreys
Balochi;rope;rez;
Gilaki;rope;risman;lafənd
Judeo-Tati;rope;rase;
Kumzari;rope;baʔn;
Luri;rope;band;resmu
Modern_Persian;rope;tanab;
Ormuri;rope;beʃ;
Ossetic_Iron;rope;baendaen;
Parachi;rope;boʔ;
Shughni;rope;band;sarband
Taleshi;rope;lofʔnd;
Wakhi;rope;tunov;derowi
Yaghnobi;rope;wʔta;
Zazaki;rope;resen;
SEK ;rope;bɛndɨk;kɨndɨr
SK;rope;ṭa;weris
NK;rope;bɛnd;
SWK;rope;bɛn;kendɨr
NWK;rope;bæn;kɨndɨr
Bakhtiyari;run;daʋniden;
Balochi;run;taʧ;tag
Gilaki;run;dobəstən;dovəstən
Judeo-Tati;run;virixde;vidovusde
Kumzari;run;burwa;
Modern_Persian;run;dawidan;
Ormuri;run;daŋok;
Ossetic_Iron;run;zhorɨn;lidzɨn
Parachi;run;dow;hala kan
Shughni;run;ʒoz;ʒext
Taleshi;run;tɨlə;vite
Wakhi;run;gafs;
Yaghnobi;run;dau;
Zazaki;run;veʃtiʃ;vazdano
SEK ;run;bɛẓin;
SK;run;baz;
NK;run;ɹɛvin;
SWK;run;ɹɛvin;
NWK;run;bɔz;
Bakhtiyari;salt;nemek;
Balochi;salt;whadh;wahadh
Gilaki;salt;ʔur;
Judeo-Tati;salt;mynyk;
Kumzari;salt;xuwah;
Luri;salt;namak;
Modern_Persian;salt;namak;
Ormuri;salt;nimek;
Ossetic_Iron;salt;tsæx;
Parachi;salt;namo;
Shughni;salt;namak;
Taleshi;salt;niʔmek;
Wakhi;salt;nimuk;
Waziri;salt;molga;
Yaghnobi;salt;namak;
Zazaki;salt;sol;
SEK ;salt;xe;
SK;salt;xwe;
NK;salt;xwe;
SWK;salt;xwe;
NWK;salt;xwe;
Bakhtiyari;sand;mase;
Balochi;sand;rex;
Gilaki;sand;furʔ;
Judeo-Tati;sand;qum;
Kumzari;sand;diri;
Luri;sand;ʔen;masa
Modern_Persian;sand;ʔen;
Ormuri;sand;reg;
Ossetic_Iron;sand;zmis;
Parachi;sand;seʔa;
Shughni;sand;ʔoʔ;reg
Taleshi;sand;ɣum;huʃ
Wakhi;sand;luworc;
Waziri;sand;ʔegga;
Yaghnobi;sand;reg;
Zazaki;sand;qum;
SEK ;sand;xiz;
SK;sand;qum;
NK;sand;qum;
SWK;sand;qum;
NWK;sand;qum;
Bakhtiyari;say;goden;
Balochi;say;guʔagʔ;gusta
Gilaki;say;guftən;
Judeo-Tati;say;gufdire;
Kumzari;say;gaft;
Luri;say;gota;
Modern_Persian;say;goftan;
Ormuri;say;ʔuʔ;
Ossetic_Iron;say;zæhɨn;
Parachi;say;ʤar;
Shughni;say;gap;
Taleshi;say;vote;əvot
Wakhi;say;xan;
Waziri;say;wejel;
Yaghnobi;say;wov;
Zazaki;say;vatiʔ;
SEK ;say;gotɨn;
SK;say;gotɨn;
NK;say;gotɨn;
SWK;say;gotɨn;
NWK;say;gotɨn;
Bakhtiyari;see;diden;
Balochi;see;ditʔa;gindagʔ
Gilaki;see;deen;fanderəstən
Judeo-Tati;see;vinire;
Kumzari;see;meʃ;
Modern_Persian;see;didan;
Ormuri;see;de;
Ossetic_Iron;see;uɨnɨn;
Parachi;see;boʧ;dor
Shughni;see;win;
Taleshi;see;vinde;
Wakhi;see;win;
Waziri;see;katel;lidel
Yaghnobi;see;wen;
Zazaki;see;ditiʔ;
SEK ;see;ditɨn;
SK;see;ditɨn;
NK;see;ditɨn;din
SWK;see;din;
NWK;see;din;
Bakhtiyari;shade/shadow;sa;
Balochi;shade/shadow;saxeg;sjaxeg
Gilaki;shade/shadow;sajə;
Judeo-Tati;shade/shadow;soje;
Kumzari;shade/shadow;saja;
Modern_Persian;shade/shadow;saja;
Ormuri;shade/shadow;sjaka;
Ossetic_Iron;shade/shadow;auwon;ændærg
Parachi;shade/shadow;seʁ;
Shughni;shade/shadow;soja;
Taleshi;shade/shadow;sognə;sovonə
Wakhi;shade/shadow;soja;
Yaghnobi;shade/shadow;soja;sijoka
Zazaki;shade/shadow;sersej;
SEK ;shade/shadow;sibɛr;
SK;shade/shadow;sɨh;
NK;shade/shadow;si;
SWK;shade/shadow;si;
NWK;shade/shadow;si;
Bakhtiyari;skin;pust;mart
Balochi;skin;pʔost;
Gilaki;skin;ʧərm;pust
Judeo-Tati;skin;pusd;
Kumzari;skin;post;
Luri;skin;pys;
Modern_Persian;skin;pust;
Ormuri;skin;post;
Ossetic_Iron;skin;carm;
Parachi;skin;pust;
Shughni;skin;pust;
Taleshi;skin;pystin;
Wakhi;skin;pist;
Waziri;skin;tsarman;
Yaghnobi;skin;pust;
Zazaki;skin;poste;
SEK ;skin;ʧɛrm;
SK;skin;ʧɛrm;
NK;skin;ʧɛrm;
SWK;skin;ʧɛrm;
NWK;skin;ʧɛrm;post
Bakhtiyari;small;kocʔir;
Balochi;small;kik;
Gilaki;small;kucʔk;
Judeo-Tati;small;ʧykle;
Kumzari;small;ʔik;
Luri;small;kaʔdy;
Modern_Persian;small;kuʔek;
Ormuri;small;zari;
Ossetic_Iron;small;ʧɨsɨl;gyksyl
Parachi;small;ʔimo;
Shughni;small;zalik;zul
Taleshi;small;gada;
Wakhi;small;zuq;zuqiq
Waziri;small;kam;kamkai
Yaghnobi;small;pula;maʔʔdaak
Zazaki;small;werdi;qiʔ
SEK ;small;kɨʧkɛ;
SK;small;pɨʧuk;
NK;small;pɨʧuk;
SWK;small;ʧuʧɨk;ʧuk
NWK;small;ʧuk;
Bakhtiyari;smoke;di;
Balochi;smoke;duhon;
Gilaki;smoke;dudʔmana;
Judeo-Tati;smoke;dure;
Kumzari;smoke;dur;
Luri;smoke;dyd;
Modern_Persian;smoke;dud;
Ormuri;smoke;dud;
Ossetic_Iron;smoke;fæzdæg;xʔuaecae
Parachi;smoke;dhi;
Shughni;smoke;ʔud;
Taleshi;smoke;ʔu;
Wakhi;smoke;dit;
Yaghnobi;smoke;paʔst;dud
Zazaki;smoke;dun;
SEK ;smoke;dukɛl;
SK;smoke;duman;
NK;smoke;du;
SWK;smoke;du;
NWK;smoke;tu;tuman
Bakhtiyari;soil;hak;
Balochi;soil;xak;sorag
Gilaki;soil;zəminə;
Judeo-Tati;soil;zimi;xok
Kumzari;soil;pʧal;
Modern_Persian;soil;ɣak;
Ossetic_Iron;soil;zæɣ;
Parachi;soil;ken;
Shughni;soil;ʧidow;
Taleshi;soil;zəmin;
Yaghnobi;soil;zoj;
Zazaki;soil;ʕerd;
SEK ;soil;ax;
SK;soil;ax;
NK;soil;xwɛli;
SWK;soil;ax;
NWK;soil;ɔx;
Bakhtiyari;stand;ʔastaden;
Balochi;stand;oʔtagʔ;oʔtatʔa
Gilaki;stand;es;
Judeo-Tati;stand;vetovusde;
Kumzari;stand;qawumah;saxo
Luri;stand;vaʔseda;va rosseda
Modern_Persian;stand;istadan;
Ormuri;stand;darok;aʃtvek
Ossetic_Iron;stand;læuuɨn;
Parachi;stand;papʔɒ;
Shughni;stand;wirafʔ;
Taleshi;stand;mande;
Waziri;stand;daredel;
Yaghnobi;stand;uʔt;
Zazaki;stand;mendis;vinderdis
SEK ;stand;ɹawɛstan;
SK;stand;sɛkɨnandɨn;
NK;stand;sɨkɨnandɨn;
SWK;stand;sɛkɨnin;
NWK;stand;sækɨnin;
Bakhtiyari;star;astare;
Balochi;star;istar;
Gilaki;star;sʔtar;
Judeo-Tati;star;asdara;astare
Kumzari;star;starg;
Luri;star;setara;
Modern_Persian;star;setare;
Ormuri;star;stirak;
Ossetic_Iron;star;scalɨ;
Parachi;star;esteʔ;
Shughni;star;xiterʔ;
Taleshi;star;astovə;
Wakhi;star;stor;
Waziri;star;storai;
Yaghnobi;star;bildiʔa;sitora
Zazaki;star;estare;
SEK ;star;ster;
SK;star;steɹɨk;
NK;star;hɨsterɨk;
SWK;star;hestɨrk;
NWK;star;ɨstɛwrɨk;
Bakhtiyari;stone;bard;kocʔok
Balochi;stone;xoh;
Gilaki;stone;səʔ;
Judeo-Tati;stone;senq;
Kumzari;stone;raʔg;
Luri;stone;saʔ;kolom
Modern_Persian;stone;saʔ;
Ormuri;stone;gap;
Ossetic_Iron;stone;dur;
Parachi;stone;gir;
Shughni;stone;saʔ;ʔir
Taleshi;stone;sʔg;
Wakhi;stone;gʔar;
Waziri;stone;konrai;tiʒa
Yaghnobi;stone;saʔk;
Zazaki;stone;ʔi;
SEK ;stone;bɛr;
SK;stone;kɛvɨr;
NK;stone;kɛvɨr;
SWK;stone;kævɨr;
NWK;stone;kævɨr;
Bakhtiyari;suck;mekeniden;
Balochi;suck;miʔagʔ;mixta
Gilaki;suck;fuduʃtən;məkəstən
Judeo-Tati;suck;keʃire;nene xurde
Kumzari;suck;massa;
Modern_Persian;suck;mekidan;
Ossetic_Iron;suck;dæjɨn;cʔiryn
Shughni;suck;sipaf;
Taleshi;suck;die;lɨʃte
Wakhi;suck;sup;
Waziri;suck;ravdel;
Yaghnobi;suck;zimak;diy
Zazaki;suck;antiʃ;banʤi
SEK ;suck;metɨn;
SK;suck;mɨʒandɨn;
NK;suck;mɨʒandɨn;
SWK;suck;mɨʒin;mɨʒandɨn
NWK;suck;mɨtin;mɨʒin
Bakhtiyari;sweet;ʃirin;
Balochi;sweet;ʃiren;ʃirken
Gilaki;sweet;ʃirin;
Judeo-Tati;sweet;ʃirin;
Kumzari;sweet;ʃirin;
Modern_Persian;sweet;ʃirin;
Ormuri;sweet;xwaʃ;
Ossetic_Iron;sweet;adʤɨn;
Parachi;sweet;ʃirɨn;xiro
Shughni;sweet;ʃirin;xiʒ
Taleshi;sweet;ʃin;
Wakhi;sweet;ɣuʒg;
Yaghnobi;sweet;ʃirin;
Zazaki;sweet;ʃirin;
SEK ;sweet;ʃɨrin;
SK;sweet;ʃirin;
NK;sweet;ʃirin;
SWK;sweet;ʃirɨn;
NWK;sweet;ʃirin;
Bakhtiyari;tail;din;
Balochi;tail;dumb;
Gilaki;tail;dum;
Judeo-Tati;tail;dym;
Kumzari;tail;dum;
Luri;tail;dom;
Modern_Persian;tail;dom;
Ormuri;tail;dumb;
Ossetic_Iron;tail;dɨmæg;
Parachi;tail;doʔund;
Shughni;tail;dum;
Taleshi;tail;dum;
Wakhi;tail;kicikam;
Waziri;tail;lakai;
Yaghnobi;tail;dym;dumba
Zazaki;tail;poʔ;
SEK ;tail;dylɨk;
SK;tail;duv;
NK;tail;boʧɨk;del
SWK;tail;boʧ;du
NWK;tail;doʧɨk;
Bakhtiyari;take;gerejden;ʋordaʃten
Balochi;take;zurag;barag
Gilaki;take;giftən;usadən
Judeo-Tati;take;vegirde;vegyrde
Kumzari;take;gir;
Modern_Persian;take;giriftan;
Ormuri;take;wur;
Ossetic_Iron;take;isɨn;widzɨn
Shughni;take;zez;pard͡ʒiv
Taleshi;take;pegəte;gət
Wakhi;take;durz;
Yaghnobi;take;barde;nos
Zazaki;take;berdiʃ;
SEK ;take;bɨrɨn;
SK;take;bɨrɨn;
NK;take;bɨrɨn;
SWK;take;bɨrɨn;
NWK;take;bɨrɨn;
Bakhtiyari;thick;koloft;cʔaq
Balochi;thick;tʔular;
Gilaki;thick;kuluft;
Judeo-Tati;thick;qolind;
Kumzari;thick;saχt;
Luri;thick;koloft;got
Modern_Persian;thick;koloft;
Ossetic_Iron;thick;stavd;
Parachi;thick;estoro;
Shughni;thick;farbijaki;
Taleshi;thick;koloft;
Wakhi;thick;baʔ;
Waziri;thick;gʔwut;
Yaghnobi;thick;gafs;farbi
Zazaki;thick;qalin;
SEK ;thick;styr;
SK;thick;qalɨn;stur
NK;thick;qałɨnd;
SWK;thick;qalɨng;
NWK;thick;qalɨng;
Bakhtiyari;thigh;roʋn;
Balochi;thigh;ran;ripag
Gilaki;thigh;kəpəl;ran
Judeo-Tati;thigh;kefel;bud
Kumzari;thigh;binʤ;
Modern_Persian;thigh;ran;
Ormuri;thigh;ron;langɛi
Ossetic_Iron;thigh;ahd;sin
Parachi;thigh;ron;
Shughni;thigh;biʃtun;bixtun
Taleshi;thigh;ʃevək;
Wakhi;thigh;ron;
Yaghnobi;thigh;ron;
Zazaki;thigh;gohm;
SEK ;thigh;qalʧɛ;
SK;thigh;kɛlɛf;
NK;thigh;het;
SWK;thigh;qałʧɛ;
NWK;thigh;qalʧɛ;
Bakhtiyari;this;i;
Balochi;this;iʃ;
Gilaki;this;ha;an
Judeo-Tati;this;i;
Kumzari;this;ijah;
Luri;this;ʔde; ʔe
Modern_Persian;this;in;
Ormuri;this;aɸo;
Ossetic_Iron;this;u;asǝ
Parachi;this;e;
Shughni;this;jam;mam
Taleshi;this;ɨm;
Wakhi;this;jem;haeiem
Waziri;this;dai;dagʔa
Yaghnobi;this;iʔ;
Zazaki;this;na;nɛ
SEK ;this;ɛw;
SK;this;ɛv;ɛw
NK;this;ɛv;ɛw
SWK;this;va;hɛw
NWK;this;æv;æw
Bakhtiyari;tie;gerej;
Balochi;tie;bandagʔ;bastʔa
Gilaki;tie;bʔst;
Judeo-Tati;tie;debesd;
Kumzari;tie;abn;ebn
Luri;tie;bassa;
Modern_Persian;tie;bastan;
Ormuri;tie;tarok;
Ossetic_Iron;tie;battɨn;
Shughni;tie;vind;
Taleshi;tie;bend;
Wakhi;tie;vund;
Waziri;tie;tarel;
Yaghnobi;tie;vant;
Zazaki;tie;bestiʔ;
SEK ;tie;gɨredan;
SK;tie;gɨredan;
NK;tie;gɨredan;
SWK;tie;gɨredan;
NWK;tie;gɨredɔn;
Bakhtiyari;tongue;zoʔn;
Balochi;tongue;zawan;
Gilaki;tongue;zʔban;
Judeo-Tati;tongue;zuhun;
Kumzari;tongue;zuwan;
Luri;tongue;zabu;
Modern_Persian;tongue;zaban;
Ormuri;tongue;zuban;
Ossetic_Iron;tongue;ɜvzag ;
Parachi;tongue;zubon;
Shughni;tongue;lavz;ziv
Taleshi;tongue;zɨvon;
Wakhi;tongue;zik;
Waziri;tongue;ʒebba;
Yaghnobi;tongue;zivok;zabon
Zazaki;tongue;ziwan;
SEK ;tongue;ʕɛzman;
SK;tongue;zɨman;
NK;tongue;zɨman;
SWK;tongue;zɨman;
NWK;tongue;zɨmɔn;
Bakhtiyari;tooth;dendoʔn;
Balochi;tooth;datʔan;
Gilaki;tooth;dʔndan;
Judeo-Tati;tooth;dendu;
Kumzari;tooth;dnan;
Luri;tooth;dudu;
Modern_Persian;tooth;dandan;
Ormuri;tooth;giʔi;
Ossetic_Iron;tooth;daendag;
Parachi;tooth;danon;
Shughni;tooth;dindun;
Taleshi;tooth;dondun;
Wakhi;tooth;denduk;
Waziri;tooth;gʔwoʔ;gʔoʔ
Yaghnobi;tooth;dindak;
Zazaki;tooth;dindan;
SEK ;tooth;dɨdan;
SK;tooth;dɨnan;
NK;tooth;dɨran;
SWK;tooth;dɨran;
NWK;tooth;dɨdon;
Bakhtiyari;water;aʔ;
Balochi;water;af;
Gilaki;water;ab;
Judeo-Tati;water;ʔov;
Kumzari;water;hau;
Luri;water;ʔaw;
Modern_Persian;water;ab;
Ormuri;water;waʔk;
Ossetic_Iron;water;don;
Parachi;water;owʔ;
Shughni;water;xac;
Taleshi;water;ob;
Wakhi;water;jupk;
Waziri;water;ebo;
Yaghnobi;water;op;
Zazaki;water;aw;
SEK ;water;aw;
SK;water;av;
NK;water;av;
SWK;water;av;
NWK;water;ɔv;
Bakhtiyari;what?;ʧe;cʔen
Balochi;what?;kitʔan;
Gilaki;what?;ʧi;
Judeo-Tati;what?;ʧy;
Kumzari;what?;ʧe;
Luri;what?;ce;ci
Modern_Persian;what?;ʔe;
Ormuri;what?;tsa;
Ossetic_Iron;what?;tsɨ;
Parachi;what?;ʔe;
Shughni;what?;ca;
Taleshi;what?;ʧiʧ;
Wakhi;what?;ciz;ciciz
Waziri;what?;tse;
Yaghnobi;what?;ʔo;
Zazaki;what?;ʔiʔi;
SEK ;what?;ʧɨ;
SK;what?;ʧɨ;
NK;what?;ʧɨ;
SWK;what?;ʧɨ;
NWK;what?;ʧɨ;
Bakhtiyari;who?;kej;
Balochi;who?;kitʔan;
Gilaki;who?;ki;
Judeo-Tati;who?;ki;
Kumzari;who?;ke;
Luri;who?;ke;ki
Modern_Persian;who?;ki;
Ormuri;who?;kok;
Ossetic_Iron;who?;ci;citae
Parachi;who?;ki;
Shughni;who?;ʧaj;
Taleshi;who?;ki;
Wakhi;who?;kui;
Waziri;who?;tsok;
Yaghnobi;who?;ka;kax
Zazaki;who?;kam;
SEK ;who?;ke;
SK;who?;ki;ke
NK;who?;ki;
SWK;who?;ki;ke
NWK;who?;khi;kɛ
Bakhtiyari;wide;pahn;feraq
Balochi;wide;prah;
Gilaki;wide;pan;
Judeo-Tati;wide;fireh;
Kumzari;wide;paʔn;
Modern_Persian;wide;pahn;goʔad
Ormuri;wide;pan;
Ossetic_Iron;wide;fætæn;wæræx
Shughni;wide;daxt;firox
Taleshi;wide;pan;hevuʒ
Wakhi;wide;pam;ferux
Waziri;wide;plan;
Yaghnobi;wide;jaxt;pahm
Zazaki;wide;hera;
SEK ;wide;fɨrɛ;
SK;wide;fɛɹɛh;
NK;wide;fɨrɛ;
SWK;wide;fɛrɛ;
NWK;wide;fɛrɛ;
Bakhtiyari;wind;bad;
Balochi;wind;go;
Gilaki;wind;bad;
Judeo-Tati;wind;vor;kulok
Kumzari;wind;kawl;
Luri;wind;bad;
Modern_Persian;wind;bad;
Ormuri;wind;bad;
Ossetic_Iron;wind;dɨmgæ;uad
Parachi;wind;dhaman;
Shughni;wind;ʔamol;xuʔ
Taleshi;wind;vu;
Wakhi;wind;semol;duma
Waziri;wind;bod;
Yaghnobi;wind;wot;bʔda
Zazaki;wind;va;
SEK ;wind;ba;
SK;wind;ba;
NK;wind;bā;
SWK;wind;ba;
NWK;wind;bɔ;
Bakhtiyari;wing;bal;
Balochi;wing;pʔar;
Gilaki;wing;bal;pər
Judeo-Tati;wing;qanet;
Kumzari;wing;ʤnah;
Luri;wing;fal;bal
Modern_Persian;wing;par;
Ormuri;wing;bal;
Ossetic_Iron;wing;bazɨr;
Parachi;wing;bol;
Shughni;wing;par;
Taleshi;wing;kəʃ;
Wakhi;wing;tup;
Waziri;wing;wazar;par
Yaghnobi;wing;par;wanot
Zazaki;wing;perʔ;
SEK ;wing;pɛɹ;
SK;wing;pɛɹ;
NK;wing;pɛɹ;bask
SWK;wing;pil;bask
NWK;wing;pɨl;
Bakhtiyari;wood;ler;
Balochi;wood;ladh;
Gilaki;wood;dar;dərəxt
Judeo-Tati;wood;viʔe;
Kumzari;wood;loh;
Luri;wood;ʔaʔal;ʔaʔale kaʔʔdy
Modern_Persian;wood;ʔaʔal;
Ormuri;wood;pom;
Ossetic_Iron;wood;xʔaed;
Shughni;wood;diraxtzor;ʔaʔal
Taleshi;wood;viʔa;
Waziri;wood;zaʔal;
Zazaki;wood;roʔʃəno;gəm
SEK ;wood;dar;
SK;wood;dar;
NK;wood;dar;
SWK;wood;dar;
NWK;wood;dɔr;
Bakhtiyari;yesterday;duʃ;
Balochi;yesterday;dinax;
Gilaki;yesterday;diruz;
Judeo-Tati;yesterday;di;ʃovu
Kumzari;yesterday;duʃin;
Modern_Persian;yesterday;diruz;
Ormuri;yesterday;pran;bego
Ossetic_Iron;yesterday;znon;ændæræbon
Parachi;yesterday;aze;
Shughni;yesterday;bijor;
Taleshi;yesterday;zinə;pəjnə
Wakhi;yesterday;jez;
Yaghnobi;yesterday;pijon;
Zazaki;yesterday;vizer;
SEK ;yesterday;duhu;(ne)
SK;yesterday;duho;
NK;yesterday;do;
SWK;yesterday;dɨhu;
NWK;yesterday;do;
Zebaki;1SG;az;
Zebaki;2SG;to;
Zebaki;3SG;ao;
Zebaki;back;dam;med
Zebaki;big;kata;
Zebaki;bird;parinda;
Zebaki;breast;bar;
Zebaki;child;kut;
Zebaki;come;is;
Zebaki;dog;ked;
Zebaki;ear;gal;
Zebaki;eat;xar;
Zebaki;eye;tsam;
Zebaki;fall;idawi;
Zebaki;far;dir;
Zebaki;fire;roʔni;
Zebaki;give;da;
Zebaki;good;feri;
Zebaki;hair;segund;
Zebaki;hand;dast;
Zebaki;house;ɣan;ɣu
Zebaki;in;ka;pa
Ishkashimi;ash;usur;
Ishkashimi;back;kamuk;arqa
Ishkashimi;big;katta;ʒəʃt
Ishkashimi;black;ʔu;
Ishkashimi;blood;wen;
Ishkashimi;bone;wastuk;
Ishkashimi;breast;peʃbar;cici
Ishkashimi;child;zaman;telf
Ishkashimi;come;agad;
Ishkashimi;dog;kud;
Ishkashimi;ear;gol;
Ishkashimi;eat;xar;
Ishkashimi;egg;akik;
Ishkashimi;eye;tsam;
Ishkashimi;far;dir;
Ishkashimi;fire;roʔni;
Ishkashimi;give;da;
Ishkashimi;good;fri;nek
Ishkashimi;hair;ɣenuk;ɣunʤ
Ishkashimi;2SG;wa;
Ishkashimi;hear;ʃud;
Ishkashimi;1SG;az;
Ishkashimi;in;dar;pa,po
Ishkashimi;knee;zuʔ;
Ishkashimi;leaf;barg;
Ishkashimi;leg/foot;tsiwliʔ;
Ishkashimi;liver;gola;
Ishkashimi;long;wuzduk;
Ishkashimi;louse;spul;
Ishkashimi;meat;pudf;
Ishkashimi;mouth;futs;
Ishkashimi;new;nawuk;
Ishkashimi;night;ʔab;
Ishkashimi;nose;nits;
Ishkashimi;not;na;nus
Ishkashimi;one;wak;
Ishkashimi;rain;urnaduk;
Ishkashimi;red;surx;
Ishkashimi;rope;vuʔ;
Ishkashimi;salt;namulgak;
Ishkashimi;sand;reg;
Ishkashimi;say;gez;
Ishkashimi;skin;kurust;korost
Ishkashimi;small;kutokok;
Ishkashimi;smoke;dit;
Ishkashimi;star;struk;
Ishkashimi;stone;suʔ;
Ishkashimi;tail;dumb;
Ishkashimi;this;nakavi;
Ishkashimi;tongue;zivuk;
Ishkashimi;tooth;dand;
Ishkashimi;water;wek;
Ishkashimi;what?;ciz;
Ishkashimi;who?;kudum;
Ishkashimi;wide;pam;
Ishkashimi;hand;dust;
Ishkashimi;bitter;truʃ;
Ishkashimi;hard;kulaɣ;ʃax
Ishkashimi;house;ɣun;
Ishkashimi;navel;naf;
Ishkashimi;sweet;ɣaʒok;
Ishkashimi;thigh;satɣan;
Ishkashimi;crush/grind;ʃak;
Ishkashimi;do;kun;kul
Ishkashimi;go;ʃu;
Ishkashimi;take;zanz;
Ishkashimi;yesterday;paruzd;
Ishkashimi;fish;moi;
Ishkashimi;fly;paʃɛ;
Ishkashimi;bird;parinda;
Ishkashimi;blow;puf;
Ishkashimi;horn;vərok;
Ishkashimi;burn;təv;
Ishkashimi;heavy;wazmin;
Ishkashimi;fall;waz;
Ishkashimi;drink;pɜv;
Zebaki;name;nem;
Zebaki;night;ferʔun;
Zebaki;nose;nits;
Zebaki;not;na;nas
Zebaki;one;wok;
Zebaki;rope;waʔ;
Zebaki;say;gez;
Zebaki;small;kut;
Zebaki;star;sitara;
Zebaki;this;am;
Zebaki;do;kanak;kunam
Zebaki;go;ʃom;
Zebaki;run;gaz;guzd
Zebaki;take;zagd;PST
Zebaki;tongue;zevuk;
Zebaki;tooth;dandak;
Zebaki;water;wek;
Zebaki;what?;tsiz;
Zebaki;who?;kai;
Pashto;1SG;zə;
Pashto;2SG;tə;
Pashto;3SG;je;e
Pashto;ant;murʧa;
Pashto;ash;ira;
Pashto;big;zbərg;ghat
Pashto;bird;murgh;
Pashto;bite;ʧiʧel;
Pashto;bitter;zvəg;
Pashto;black;sijah;
Pashto;blood;vina;
Pashto;blow;pukavəl;ʧaledəl
Pashto;bone;had;
Pashto;breast;bar;
Pashto;burn;baledəl;
Pashto;carry;kaʃawel;
Pashto;child;ʧurʧurak;
Pashto;come;ratləl;
Pashto;crush/grind;majdawəl;
Pashto;cry/weep;ʒarəl;vahir
Pashto;do;kawəl;
Pashto;dog;spaj;
Pashto;drink;tskəl;
Pashto;ear;ghvaʒ;
Pashto;eat;ɣvarəl;
Pashto;egg;voja;
Pashto;eye;stərga;
Pashto;fall;lvedəl;
Pashto;far;lire;
Pashto;fire;or;ataʃ
Pashto;fish;mahaj;
Pashto;fly;məʧ;
Pashto;give;darkawəl;dad
Pashto;go;tləl;
Pashto;good;ɣuʃ;
Pashto;hair;mu;
Pashto;hand;las;
Pashto;hard;saɣt;
Pashto;hear;arvedəl;
Pashto;heavy;drund;
Pashto;hide;nixamavəl;
Pashto;hit/beat;drazawəl;
Pashto;horn;xkər;
Pashto;house;kor;
Pashto;in;pex;
Pashto;knee;zanu;
Pashto;laugh;ɣandedəl;
Pashto;leaf;barg;
Pashto;leg/foot;pa;
Pashto;liver;dzigar;ʤigar
Pashto;long;uʒd;kaʃal
Pashto;louse;spəʒa;
Pashto;meat;ghvaɣa;
Pashto;mouth;ɣula;kuma
Pashto;name;num;
Pashto;navel;naf;
Pashto;neck;gardan;
Pashto;new;nəvaj;nəzaj
Pashto;night;ʃab;
Pashto;nose;paza;
Pashto;not;nah;
Pashto;old;zor;takər
Pashto;one;ju;
Pashto;rain;vərja;
Pashto;red;surx;
Pashto;root;reʂa;ʤara
Pashto;rope;vaʂ;resi
Pashto;run;dzghaledəl;təʂtedəl
Pashto;salt;malga;
Pashto;sand;ʃega;
Pashto;say;guzarəl;
Pashto;see;katə;did
Pashto;shade/shadow;saja;ʧa
Pashto;skin;tsarmən;
Pashto;small;kam;
Pashto;smoke;lugaj;
Pashto;soil;ɣavra;
Pashto;stand;daredəl;
Pashto;star;sitara;
Pashto;stone;dabara;sɣar
Pashto;suck;zbeʂəl;
Pashto;sweet;ʃirin;
Pashto;tail;lakəj;
Pashto;take;aɣistəl;nivəl
Pashto;thick;tət;
Pashto;thigh;vrun;
Pashto;this;da;
Pashto;tie;tarəl;
Pashto;tongue;zaban;
Pashto;tooth;ghaʂ;
Pashto;water;avba;
Pashto;what?;tsa;
Pashto;who?;tsuk;
Pashto;wide;praɣ;
Pashto;wind;bad;
Pashto;wing;vazar;kawtsar
Pashto;wood;largaj;pəkər
Pashto;yesterday;parun;
